name,image_url,category,item_id,ticket_id,color,brand,brand_image_url,genre,genre_image_url,rarity,like,outfit_id,outfit_image_url,note,detail_url,series_name,series_url
スイートハニー キラッとワンピ,https://prichan.jp/resources/images/items/details/70000.jpg,ワンピース,70000,PCH1-01,ピンク,sweethoney,https://prichan.jp/resources/images/items/logo-sweethoney.png,love,https://prichan.jp/resources/images/items/icon-love.png,KR,1900,1-01,https://prichan.jp/resources/images/items/outfits/1-01.png,,https://prichan.jp/items/details/70000.html,第1弾,https://prichan.jp/items/index.html
フラワーショップ フリージアシューズ,https://prichan.jp/resources/images/items/details/70005.jpg,シューズ,70005,PCH1-06,黄,sweethoney,https://prichan.jp/resources/images/items/logo-sweethoney.png,love,https://prichan.jp/resources/images/items/icon-love.png,PR,750,1-02,https://prichan.jp/resources/images/items/outfits/1-02.png,,https://prichan.jp/items/details/70005.html,第1弾,https://prichan.jp/items/index.html
フラワーショップ ブルースタートップス,https://prichan.jp/resources/images/items/details/70007.jpg,トップス,70007,PCH1-08,水色,sweethoney,https://prichan.jp/resources/images/items/logo-sweethoney.png,love,https://prichan.jp/resources/images/items/icon-love.png,PR,850,1-03,https://prichan.jp/resources/images/items/outfits/1-03.png,,https://prichan.jp/items/details/70007.html,第1弾,https://prichan.jp/items/index.html
フラワーショップ フリージアヘアアクセ,https://prichan.jp/resources/images/items/details/70006.jpg,ヘアアクセ,70006,PCH1-07,黄,sweethoney,https://prichan.jp/resources/images/items/logo-sweethoney.png,love,https://prichan.jp/resources/images/items/icon-love.png,PR,750,1-02,https://prichan.jp/resources/images/items/outfits/1-02.png,,https://prichan.jp/items/details/70006.html,第1弾,https://prichan.jp/items/index.html
ギンガムハート スカイブルートップス,https://prichan.jp/resources/images/items/details/70015.jpg,トップス,70015,PCH1-16,水色,sweethoney,https://prichan.jp/resources/images/items/logo-sweethoney.png,love,https://prichan.jp/resources/images/items/icon-love.png,SR,700,1-05,https://prichan.jp/resources/images/items/outfits/1-05.png,,https://prichan.jp/items/details/70015.html,第1弾,https://prichan.jp/items/index.html
チアリーダー グリーンヘアアクセ,https://prichan.jp/resources/images/items/details/70014.jpg,ヘアアクセ,70014,PCH1-15,緑,girlsyell,https://prichan.jp/resources/images/items/logo-girlsyell.png,pop,https://prichan.jp/resources/images/items/icon-pop.png,PR,750,1-04,https://prichan.jp/resources/images/items/outfits/1-04.png,,https://prichan.jp/items/details/70014.html,第1弾,https://prichan.jp/items/index.html
チアリーダー グリーンシューズ,https://prichan.jp/resources/images/items/details/70013.jpg,シューズ,70013,PCH1-14,青,girlsyell,https://prichan.jp/resources/images/items/logo-girlsyell.png,pop,https://prichan.jp/resources/images/items/icon-pop.png,PR,800,1-04,https://prichan.jp/resources/images/items/outfits/1-04.png,,https://prichan.jp/items/details/70013.html,第1弾,https://prichan.jp/items/index.html
チアリーダー グリーンスカート,https://prichan.jp/resources/images/items/details/70012.jpg,ボトムス,70012,PCH1-13,緑,girlsyell,https://prichan.jp/resources/images/items/logo-girlsyell.png,pop,https://prichan.jp/resources/images/items/icon-pop.png,PR,850,1-04,https://prichan.jp/resources/images/items/outfits/1-04.png,,https://prichan.jp/items/details/70012.html,第1弾,https://prichan.jp/items/index.html
チアリーダー グリーントップス,https://prichan.jp/resources/images/items/details/70011.jpg,トップス,70011,PCH1-12,緑,girlsyell,https://prichan.jp/resources/images/items/logo-girlsyell.png,pop,https://prichan.jp/resources/images/items/icon-pop.png,PR,750,1-04,https://prichan.jp/resources/images/items/outfits/1-04.png,,https://prichan.jp/items/details/70011.html,第1弾,https://prichan.jp/items/index.html
フラワーショップ ブルースターヘアアクセ,https://prichan.jp/resources/images/items/details/70010.jpg,ヘアアクセ,70010,PCH1-11,水色,sweethoney,https://prichan.jp/resources/images/items/logo-sweethoney.png,love,https://prichan.jp/resources/images/items/icon-love.png,PR,750,1-03,https://prichan.jp/resources/images/items/outfits/1-03.png,,https://prichan.jp/items/details/70010.html,第1弾,https://prichan.jp/items/index.html
フラワーショップ ブルースターシューズ,https://prichan.jp/resources/images/items/details/70009.jpg,シューズ,70009,PCH1-10,水色,sweethoney,https://prichan.jp/resources/images/items/logo-sweethoney.png,love,https://prichan.jp/resources/images/items/icon-love.png,PR,750,1-03,https://prichan.jp/resources/images/items/outfits/1-03.png,,https://prichan.jp/items/details/70009.html,第1弾,https://prichan.jp/items/index.html
フラワーショップ ブルースタースカート,https://prichan.jp/resources/images/items/details/70008.jpg,ボトムス,70008,PCH1-09,水色,sweethoney,https://prichan.jp/resources/images/items/logo-sweethoney.png,love,https://prichan.jp/resources/images/items/icon-love.png,PR,800,1-03,https://prichan.jp/resources/images/items/outfits/1-03.png,,https://prichan.jp/items/details/70008.html,第1弾,https://prichan.jp/items/index.html
ポップスター レッドTシャツ,https://prichan.jp/resources/images/items/details/28002.jpg,トップス,28002,AM-006,赤,girlsyell,https://prichan.jp/resources/images/items/logo-girlsyell.png,pop,https://prichan.jp/resources/images/items/icon-pop.png,R,550,P-02,https://prichan.jp/resources/images/items/outfits/P-02.png,,https://prichan.jp/items/details/28002.html,プロモーション,https://prichan.jp/items/promotion.html
フラワープリンセス ブーケ,https://prichan.jp/resources/images/items/details/28031.jpg,パシャッとアイテム,28031,AM-005,紫,sweethoney,https://prichan.jp/resources/images/items/logo-sweethoney.png,love,https://prichan.jp/resources/images/items/icon-love.png,SR,700,P-01,https://prichan.jp/resources/images/items/outfits/P-01.png,2018年4月発売 みらい&えも プリチケセット,https://prichan.jp/items/details/28031.html,プロモーション,https://prichan.jp/items/promotion.html
フラワーショップ フリージアスカート,https://prichan.jp/resources/images/items/details/70004.jpg,ボトムス,70004,PCH1-05,黄,sweethoney,https://prichan.jp/resources/images/items/logo-sweethoney.png,love,https://prichan.jp/resources/images/items/icon-love.png,PR,800,1-02,https://prichan.jp/resources/images/items/outfits/1-02.png,,https://prichan.jp/items/details/70004.html,第1弾,https://prichan.jp/items/index.html
フラワープリンセス レースカチューシャ,https://prichan.jp/resources/images/items/details/28001.jpg,ヘアアクセ,28001,AM-004,ピンク,sweethoney,https://prichan.jp/resources/images/items/logo-sweethoney.png,love,https://prichan.jp/resources/images/items/icon-love.png,SR,700,P-01,https://prichan.jp/resources/images/items/outfits/P-01.png,2018年4月発売 みらい&えも プリチケセット,https://prichan.jp/items/details/28001.html,プロモーション,https://prichan.jp/items/promotion.html
フラワープリンセス あみあげシューズ,https://prichan.jp/resources/images/items/details/28000.jpg,シューズ,28000,AM-003,ピンク,sweethoney,https://prichan.jp/resources/images/items/logo-sweethoney.png,love,https://prichan.jp/resources/images/items/icon-love.png,SR,750,P-01,https://prichan.jp/resources/images/items/outfits/P-01.png,2018年4月発売 みらい&えも プリチケセット,https://prichan.jp/items/details/28000.html,プロモーション,https://prichan.jp/items/promotion.html
スイートハニー キラッとシューズ,https://prichan.jp/resources/images/items/details/70001.jpg,シューズ,70001,PCH1-02,ピンク,sweethoney,https://prichan.jp/resources/images/items/logo-sweethoney.png,love,https://prichan.jp/resources/images/items/icon-love.png,KR,900,1-01,https://prichan.jp/resources/images/items/outfits/1-01.png,,https://prichan.jp/items/details/70001.html,第1弾,https://prichan.jp/items/index.html
スイートハニー キラッとヘアアクセ,https://prichan.jp/resources/images/items/details/70002.jpg,ヘアアクセ,70002,PCH1-03,水色,sweethoney,https://prichan.jp/resources/images/items/logo-sweethoney.png,love,https://prichan.jp/resources/images/items/icon-love.png,KR,900,1-01,https://prichan.jp/resources/images/items/outfits/1-01.png,,https://prichan.jp/items/details/70002.html,第1弾,https://prichan.jp/items/index.html
フラワーショップ フリージアトップス,https://prichan.jp/resources/images/items/details/70003.jpg,トップス,70003,PCH1-04,黄,sweethoney,https://prichan.jp/resources/images/items/logo-sweethoney.png,love,https://prichan.jp/resources/images/items/icon-love.png,PR,850,1-02,https://prichan.jp/resources/images/items/outfits/1-02.png,,https://prichan.jp/items/details/70003.html,第1弾,https://prichan.jp/items/index.html
フラワーショップ バーベナトップス,https://prichan.jp/resources/images/items/details/28032.jpg,トップス,28032,P-008,紫,sweethoney,https://prichan.jp/resources/images/items/logo-sweethoney.png,love,https://prichan.jp/resources/images/items/icon-love.png,SR,800,P-04,https://prichan.jp/resources/images/items/outfits/P-04.png,2018年5月 劇場版プリパラ&キラッとプリ☆チャン きらきらメモリアルライブ,https://prichan.jp/items/details/28032.html,プロモーション,https://prichan.jp/items/promotion.html
チアリーダー ピンクトップス,https://prichan.jp/resources/images/items/details/27973.jpg,トップス,27973,P-S-010,ピンク,girlsyell,https://prichan.jp/resources/images/items/logo-girlsyell.png,pop,https://prichan.jp/resources/images/items/icon-pop.png,SR,800,P-06,https://prichan.jp/resources/images/items/outfits/P-06.png,2018年4月発売 キラッとプリチ☆ャン公式ファンブックSEASON1,https://prichan.jp/items/details/27973.html,プロモーション,https://prichan.jp/items/promotion.html
プリ☆チャンユニフォーム ピンクヘアアクセ,https://prichan.jp/resources/images/items/details/27986.jpg,ヘアアクセ,27986,P-004,ピンク,,,love,https://prichan.jp/resources/images/items/icon-love.png,R,450,P-05,https://prichan.jp/resources/images/items/outfits/P-05.png,2018年4月 キラッとプリ☆チャン デビューやってみた!キャンペーン!,https://prichan.jp/items/details/27986.html,プロモーション,https://prichan.jp/items/promotion.html
プリ☆チャンユニフォーム ピンクシューズ,https://prichan.jp/resources/images/items/details/27985.jpg,シューズ,27985,P-003,ピンク,,,love,https://prichan.jp/resources/images/items/icon-love.png,R,450,P-05,https://prichan.jp/resources/images/items/outfits/P-05.png,2018年4月 キラッとプリ☆チャン デビューやってみた!キャンペーン!,https://prichan.jp/items/details/27985.html,プロモーション,https://prichan.jp/items/promotion.html
ストロベリーガール ジャムシューズ,https://prichan.jp/resources/images/items/details/27992.jpg,シューズ,27992,P-S-005,赤,sweethoney,https://prichan.jp/resources/images/items/logo-sweethoney.png,love,https://prichan.jp/resources/images/items/icon-love.png,R,550,P-08,https://prichan.jp/resources/images/items/outfits/P-08.png,ぷっちぐみ 2018年6月号,https://prichan.jp/items/details/27992.html,プロモーション,https://prichan.jp/items/promotion.html
そらみ♡スマイル ゴールドサイリウムシューズ,https://prichan.jp/resources/images/items/details/27951.jpg,シューズ,27951,SW-002,ゴールド,twinkleribbon,https://prichan.jp/resources/images/items/logo-twinkleribbon.png,love,https://prichan.jp/resources/images/items/icon-love.png,SR,700,P-10,https://prichan.jp/resources/images/items/outfits/P-10.png,2018年3月発売 ニンテンドーSWITCHソフト「プリパラオールアイドルパーフェクトステージ!」同梱特典,https://prichan.jp/items/details/27951.html,プロモーション,https://prichan.jp/items/promotion.html
そらみ♡スマイル ゴールドサイリウムワンピ,https://prichan.jp/resources/images/items/details/27950.jpg,ワンピース,27950,SW-001,ゴールド,twinkleribbon,https://prichan.jp/resources/images/items/logo-twinkleribbon.png,love,https://prichan.jp/resources/images/items/icon-love.png,SR,1300,P-10,https://prichan.jp/resources/images/items/outfits/P-10.png,2018年3月発売 ニンテンドーSWITCHソフト「プリパラオールアイドルパーフェクトステージ!」同梱特典,https://prichan.jp/items/details/27950.html,プロモーション,https://prichan.jp/items/promotion.html
ストロベリーガール クリームヘアアクセ,https://prichan.jp/resources/images/items/details/70080.jpg,ヘアアクセ,70080,P-S-009,黄,sweethoney,https://prichan.jp/resources/images/items/logo-sweethoney.png,love,https://prichan.jp/resources/images/items/icon-love.png,R,550,P-09,https://prichan.jp/resources/images/items/outfits/P-09.png,小学一年生 2018年6月号,https://prichan.jp/items/details/70080.html,プロモーション,https://prichan.jp/items/promotion.html
トリコロール ゴールドサイリウムワンピ,https://prichan.jp/resources/images/items/details/27959.jpg,ワンピース,27959,SW-010,ゴールド,brilliantprince,https://prichan.jp/resources/images/items/logo-brilliantprince.png,cool,https://prichan.jp/resources/images/items/icon-cool.png,SR,1300,P-13,https://prichan.jp/resources/images/items/outfits/P-13.png,,https://prichan.jp/items/details/27959.html,プロモーション,https://prichan.jp/items/promotion.html
トリコロール ゴールドサイリウムヘアアクセ,https://prichan.jp/resources/images/items/details/27961.jpg,ヘアアクセ,27961,SW-012,ゴールド,brilliantprince,https://prichan.jp/resources/images/items/logo-brilliantprince.png,cool,https://prichan.jp/resources/images/items/icon-cool.png,SR,700,P-13,https://prichan.jp/resources/images/items/outfits/P-13.png,,https://prichan.jp/items/details/27961.html,プロモーション,https://prichan.jp/items/promotion.html
トリコロール ゴールドサイリウムシューズ,https://prichan.jp/resources/images/items/details/27960.jpg,シューズ,27960,SW-011,ゴールド,brilliantprince,https://prichan.jp/resources/images/items/logo-brilliantprince.png,cool,https://prichan.jp/resources/images/items/icon-cool.png,SR,700,P-13,https://prichan.jp/resources/images/items/outfits/P-13.png,,https://prichan.jp/items/details/27960.html,プロモーション,https://prichan.jp/items/promotion.html
モノトーン フリルカーデ,https://prichan.jp/resources/images/items/details/70046.jpg,トップス,70046,PCH1-61,白,,,cool,https://prichan.jp/resources/images/items/icon-cool.png,N,400,1-19,https://prichan.jp/resources/images/items/outfits/1-19.png,,https://prichan.jp/items/details/70046.html,第1弾,https://prichan.jp/items/index.html
スイート ストライプシューズ,https://prichan.jp/resources/images/items/details/70062.jpg,シューズ,70062,PCH1-60,茶,sweethoney,https://prichan.jp/resources/images/items/logo-sweethoney.png,love,https://prichan.jp/resources/images/items/icon-love.png,N,350,1-18,https://prichan.jp/resources/images/items/outfits/1-18.png,,https://prichan.jp/items/details/70062.html,第1弾,https://prichan.jp/items/index.html
スイートドーナツ スカート,https://prichan.jp/resources/images/items/details/70061.jpg,ボトムス,70061,PCH1-59,茶,sweethoney,https://prichan.jp/resources/images/items/logo-sweethoney.png,love,https://prichan.jp/resources/images/items/icon-love.png,N,300,1-18,https://prichan.jp/resources/images/items/outfits/1-18.png,,https://prichan.jp/items/details/70061.html,第1弾,https://prichan.jp/items/index.html
スイートドーナツ ブラウス,https://prichan.jp/resources/images/items/details/70060.jpg,トップス,70060,PCH1-58,茶,sweethoney,https://prichan.jp/resources/images/items/logo-sweethoney.png,love,https://prichan.jp/resources/images/items/icon-love.png,N,400,1-18,https://prichan.jp/resources/images/items/outfits/1-18.png,,https://prichan.jp/items/details/70060.html,第1弾,https://prichan.jp/items/index.html
ダンシングマーチ シューズ,https://prichan.jp/resources/images/items/details/70059.jpg,シューズ,70059,PCH1-57,赤,girlsyell,https://prichan.jp/resources/images/items/logo-girlsyell.png,pop,https://prichan.jp/resources/images/items/icon-pop.png,N,300,1-17,https://prichan.jp/resources/images/items/outfits/1-17.png,,https://prichan.jp/items/details/70059.html,第1弾,https://prichan.jp/items/index.html
スタンダードマイク,https://prichan.jp/resources/images/items/details/70092.jpg,パシャッとアイテム,70092,PCH1-70,黒,girlsyell,https://prichan.jp/resources/images/items/logo-girlsyell.png,pop,https://prichan.jp/resources/images/items/icon-pop.png,R,500,,,,https://prichan.jp/items/details/70092.html,第1弾,https://prichan.jp/items/index.html
ショートケーキ,https://prichan.jp/resources/images/items/details/70090.jpg,パシャッとアイテム,70090,PCH1-69,白,sweethoney,https://prichan.jp/resources/images/items/logo-sweethoney.png,love,https://prichan.jp/resources/images/items/icon-love.png,R,500,,,,https://prichan.jp/items/details/70090.html,第1弾,https://prichan.jp/items/index.html
カラフルキャンディー,https://prichan.jp/resources/images/items/details/70093.jpg,パシャッとアイテム,70093,PCH1-68,水色,girlsyell,https://prichan.jp/resources/images/items/logo-girlsyell.png,pop,https://prichan.jp/resources/images/items/icon-pop.png,SR,600,,,,https://prichan.jp/items/details/70093.html,第1弾,https://prichan.jp/items/index.html
ピンクフラワーブーケ,https://prichan.jp/resources/images/items/details/70089.jpg,パシャッとアイテム,70089,PCH1-66,ピンク,sweethoney,https://prichan.jp/resources/images/items/logo-sweethoney.png,love,https://prichan.jp/resources/images/items/icon-love.png,SR,600,,,,https://prichan.jp/items/details/70089.html,第1弾,https://prichan.jp/items/index.html
ミルキーアイスクリーム,https://prichan.jp/resources/images/items/details/70091.jpg,パシャッとアイテム,70091,PCH1-67,ピンク,sweethoney,https://prichan.jp/resources/images/items/logo-sweethoney.png,love,https://prichan.jp/resources/images/items/icon-love.png,SR,600,,,,https://prichan.jp/items/details/70091.html,第1弾,https://prichan.jp/items/index.html
グリーンチェック リボンシューズ,https://prichan.jp/resources/images/items/details/70050.jpg,シューズ,70050,PCH1-65,黒,,,cool,https://prichan.jp/resources/images/items/icon-cool.png,N,300,1-20,https://prichan.jp/resources/images/items/outfits/1-20.png,,https://prichan.jp/items/details/70050.html,第1弾,https://prichan.jp/items/index.html
グリーンチェック ワンピ,https://prichan.jp/resources/images/items/details/70049.jpg,ワンピース,70049,PCH1-64,緑,,,cool,https://prichan.jp/resources/images/items/icon-cool.png,N,600,1-20,https://prichan.jp/resources/images/items/outfits/1-20.png,,https://prichan.jp/items/details/70049.html,第1弾,https://prichan.jp/items/index.html
モノトーン パンプス,https://prichan.jp/resources/images/items/details/70048.jpg,シューズ,70048,PCH1-63,紫,,,cool,https://prichan.jp/resources/images/items/icon-cool.png,N,350,1-19,https://prichan.jp/resources/images/items/outfits/1-19.png,,https://prichan.jp/items/details/70048.html,第1弾,https://prichan.jp/items/index.html
モノトーン フリルスカート,https://prichan.jp/resources/images/items/details/70047.jpg,ボトムス,70047,PCH1-62,黒,,,cool,https://prichan.jp/resources/images/items/icon-cool.png,N,300,1-19,https://prichan.jp/resources/images/items/outfits/1-19.png,,https://prichan.jp/items/details/70047.html,第1弾,https://prichan.jp/items/index.html
ダンシングマーチ スカート,https://prichan.jp/resources/images/items/details/70058.jpg,ボトムス,70058,PCH1-56,赤,girlsyell,https://prichan.jp/resources/images/items/logo-girlsyell.png,pop,https://prichan.jp/resources/images/items/icon-pop.png,N,350,1-17,https://prichan.jp/resources/images/items/outfits/1-17.png,,https://prichan.jp/items/details/70058.html,第1弾,https://prichan.jp/items/index.html
ドレッシングパフェ ゴールドサイリウムヘアアクセ,https://prichan.jp/resources/images/items/details/27955.jpg,ヘアアクセ,27955,SW-009,ゴールド,babymonster,https://prichan.jp/resources/images/items/logo-babymonster.png,cool,https://prichan.jp/resources/images/items/icon-cool.png,SR,700,P-11,https://prichan.jp/resources/images/items/outfits/P-11.png,,https://prichan.jp/items/details/27955.html,プロモーション,https://prichan.jp/items/promotion.html
ドレッシングパフェ ゴールドサイリウムシューズ,https://prichan.jp/resources/images/items/details/27954.jpg,シューズ,27954,SW-008,ゴールド,babymonster,https://prichan.jp/resources/images/items/logo-babymonster.png,cool,https://prichan.jp/resources/images/items/icon-cool.png,SR,700,P-11,https://prichan.jp/resources/images/items/outfits/P-11.png,,https://prichan.jp/items/details/27954.html,プロモーション,https://prichan.jp/items/promotion.html
ドレッシングパフェ ゴールドサイリウムワンピ,https://prichan.jp/resources/images/items/details/27953.jpg,ワンピース,27953,SW-007,ゴールド,babymonster,https://prichan.jp/resources/images/items/logo-babymonster.png,cool,https://prichan.jp/resources/images/items/icon-cool.png,SR,1300,P-11,https://prichan.jp/resources/images/items/outfits/P-11.png,,https://prichan.jp/items/details/27953.html,プロモーション,https://prichan.jp/items/promotion.html
ガァルマゲドン ゴールドサイリウムヘアアクセ,https://prichan.jp/resources/images/items/details/27958.jpg,ヘアアクセ,27958,SW-006,ゴールド,lovedevi,https://prichan.jp/resources/images/items/logo-lovedevi.png,cool,https://prichan.jp/resources/images/items/icon-cool.png,SR,700,P-12,https://prichan.jp/resources/images/items/outfits/P-12.png,,https://prichan.jp/items/details/27958.html,プロモーション,https://prichan.jp/items/promotion.html
ガァルマゲドン ゴールドサイリウムシューズ,https://prichan.jp/resources/images/items/details/27957.jpg,シューズ,27957,SW-005,ゴールド,lovedevi,https://prichan.jp/resources/images/items/logo-lovedevi.png,cool,https://prichan.jp/resources/images/items/icon-cool.png,SR,700,P-12,https://prichan.jp/resources/images/items/outfits/P-12.png,,https://prichan.jp/items/details/27957.html,プロモーション,https://prichan.jp/items/promotion.html
ガァルマゲドン ゴールドサイリウムワンピ,https://prichan.jp/resources/images/items/details/27956.jpg,ワンピース,27956,SW-004,ゴールド,lovedevi,https://prichan.jp/resources/images/items/logo-lovedevi.png,cool,https://prichan.jp/resources/images/items/icon-cool.png,SR,1300,P-12,https://prichan.jp/resources/images/items/outfits/P-12.png,,https://prichan.jp/items/details/27956.html,プロモーション,https://prichan.jp/items/promotion.html
そらみ♡スマイル ゴールドサイリウムヘアアクセ,https://prichan.jp/resources/images/items/details/27952.jpg,ヘアアクセ,27952,SW-003,ゴールド,twinkleribbon,https://prichan.jp/resources/images/items/logo-twinkleribbon.png,love,https://prichan.jp/resources/images/items/icon-love.png,SR,700,P-10,https://prichan.jp/resources/images/items/outfits/P-10.png,2018年3月発売 ニンテンドーSWITCHソフト「プリパラオールアイドルパーフェクトステージ!」同梱特典,https://prichan.jp/items/details/27952.html,プロモーション,https://prichan.jp/items/promotion.html
ダンシングマーチ トップス,https://prichan.jp/resources/images/items/details/70057.jpg,トップス,70057,PCH1-55,赤,girlsyell,https://prichan.jp/resources/images/items/logo-girlsyell.png,pop,https://prichan.jp/resources/images/items/icon-pop.png,N,400,1-17,https://prichan.jp/resources/images/items/outfits/1-17.png,,https://prichan.jp/items/details/70057.html,第1弾,https://prichan.jp/items/index.html
クリームソーダ シューズ,https://prichan.jp/resources/images/items/details/70056.jpg,シューズ,70056,PCH1-54,緑,sweethoney,https://prichan.jp/resources/images/items/logo-sweethoney.png,love,https://prichan.jp/resources/images/items/icon-love.png,N,300,1-16,https://prichan.jp/resources/images/items/outfits/1-16.png,,https://prichan.jp/items/details/70056.html,第1弾,https://prichan.jp/items/index.html
クリームソーダ スカート,https://prichan.jp/resources/images/items/details/70055.jpg,ボトムス,70055,PCH1-53,緑,sweethoney,https://prichan.jp/resources/images/items/logo-sweethoney.png,love,https://prichan.jp/resources/images/items/icon-love.png,N,400,1-16,https://prichan.jp/resources/images/items/outfits/1-16.png,,https://prichan.jp/items/details/70055.html,第1弾,https://prichan.jp/items/index.html
クリームソーダ トップス,https://prichan.jp/resources/images/items/details/70054.jpg,トップス,70054,PCH1-52,緑,sweethoney,https://prichan.jp/resources/images/items/logo-sweethoney.png,love,https://prichan.jp/resources/images/items/icon-love.png,N,350,1-16,https://prichan.jp/resources/images/items/outfits/1-16.png,,https://prichan.jp/items/details/70054.html,第1弾,https://prichan.jp/items/index.html
フルレース ラベンダーシューズ,https://prichan.jp/resources/images/items/details/70053.jpg,シューズ,70053,PCH1-51,紫,sweethoney,https://prichan.jp/resources/images/items/logo-sweethoney.png,love,https://prichan.jp/resources/images/items/icon-love.png,N,400,1-15,https://prichan.jp/resources/images/items/outfits/1-15.png,,https://prichan.jp/items/details/70053.html,第1弾,https://prichan.jp/items/index.html
フルレース ラベンダースカート,https://prichan.jp/resources/images/items/details/70052.jpg,ボトムス,70052,PCH1-50,紫,sweethoney,https://prichan.jp/resources/images/items/logo-sweethoney.png,love,https://prichan.jp/resources/images/items/icon-love.png,N,350,1-15,https://prichan.jp/resources/images/items/outfits/1-15.png,,https://prichan.jp/items/details/70052.html,第1弾,https://prichan.jp/items/index.html
ストロベリーガール クリームシューズ,https://prichan.jp/resources/images/items/details/70079.jpg,シューズ,70079,P-S-008,黄,sweethoney,https://prichan.jp/resources/images/items/logo-sweethoney.png,love,https://prichan.jp/resources/images/items/icon-love.png,R,550,P-09,https://prichan.jp/resources/images/items/outfits/P-09.png,小学一年生 2018年6月号,https://prichan.jp/items/details/70079.html,プロモーション,https://prichan.jp/items/promotion.html
ストロベリーガール クリームワンピ,https://prichan.jp/resources/images/items/details/70078.jpg,ワンピース,70078,P-S-007,黄,sweethoney,https://prichan.jp/resources/images/items/logo-sweethoney.png,love,https://prichan.jp/resources/images/items/icon-love.png,R,1000,P-09,https://prichan.jp/resources/images/items/outfits/P-09.png,小学一年生 2018年6月号,https://prichan.jp/items/details/70078.html,プロモーション,https://prichan.jp/items/promotion.html
ストロベリーガール ジャムヘアアクセ,https://prichan.jp/resources/images/items/details/27993.jpg,ヘアアクセ,27993,P-S-006,赤,sweethoney,https://prichan.jp/resources/images/items/logo-sweethoney.png,love,https://prichan.jp/resources/images/items/icon-love.png,R,550,P-08,https://prichan.jp/resources/images/items/outfits/P-08.png,ぷっちぐみ 2018年6月号,https://prichan.jp/items/details/27993.html,プロモーション,https://prichan.jp/items/promotion.html
フルレース ラベンダートップス,https://prichan.jp/resources/images/items/details/70051.jpg,トップス,70051,PCH1-49,紫,sweethoney,https://prichan.jp/resources/images/items/logo-sweethoney.png,love,https://prichan.jp/resources/images/items/icon-love.png,N,300,1-15,https://prichan.jp/resources/images/items/outfits/1-15.png,,https://prichan.jp/items/details/70051.html,第1弾,https://prichan.jp/items/index.html
ビビッドアルファベット スニーカー,https://prichan.jp/resources/images/items/details/70045.jpg,シューズ,70045,PCH1-48,白,girlsyell,https://prichan.jp/resources/images/items/logo-girlsyell.png,pop,https://prichan.jp/resources/images/items/icon-pop.png,R,450,1-14,https://prichan.jp/resources/images/items/outfits/1-14.png,,https://prichan.jp/items/details/70045.html,第1弾,https://prichan.jp/items/index.html
ビビッドラメ スカート,https://prichan.jp/resources/images/items/details/70044.jpg,ボトムス,70044,PCH1-47,ピンク,girlsyell,https://prichan.jp/resources/images/items/logo-girlsyell.png,pop,https://prichan.jp/resources/images/items/icon-pop.png,R,500,1-14,https://prichan.jp/resources/images/items/outfits/1-14.png,,https://prichan.jp/items/details/70044.html,第1弾,https://prichan.jp/items/index.html
ビビッドアルファベット パーカ,https://prichan.jp/resources/images/items/details/70043.jpg,トップス,70043,PCH1-46,白,girlsyell,https://prichan.jp/resources/images/items/logo-girlsyell.png,pop,https://prichan.jp/resources/images/items/icon-pop.png,R,550,1-14,https://prichan.jp/resources/images/items/outfits/1-14.png,,https://prichan.jp/items/details/70043.html,第1弾,https://prichan.jp/items/index.html
グレンチェック シューズ,https://prichan.jp/resources/images/items/details/70039.jpg,シューズ,70039,PCH1-45,茶,sweethoney,https://prichan.jp/resources/images/items/logo-sweethoney.png,love,https://prichan.jp/resources/images/items/icon-love.png,R,500,1-13,https://prichan.jp/resources/images/items/outfits/1-13.png,,https://prichan.jp/items/details/70039.html,第1弾,https://prichan.jp/items/index.html
グレンチェック スカート,https://prichan.jp/resources/images/items/details/70038.jpg,ボトムス,70038,PCH1-44,茶,sweethoney,https://prichan.jp/resources/images/items/logo-sweethoney.png,love,https://prichan.jp/resources/images/items/icon-love.png,R,450,1-13,https://prichan.jp/resources/images/items/outfits/1-13.png,,https://prichan.jp/items/details/70038.html,第1弾,https://prichan.jp/items/index.html
ストロベリーガール ジャムワンピ,https://prichan.jp/resources/images/items/details/27991.jpg,ワンピース,27991,P-S-004,赤,sweethoney,https://prichan.jp/resources/images/items/logo-sweethoney.png,love,https://prichan.jp/resources/images/items/icon-love.png,R,1000,P-08,https://prichan.jp/resources/images/items/outfits/P-08.png,ぷっちぐみ 2018年6月号,https://prichan.jp/items/details/27991.html,プロモーション,https://prichan.jp/items/promotion.html
ストロベリーガール ミルキーヘアアクセ,https://prichan.jp/resources/images/items/details/28008.jpg,ヘアアクセ,28008,P-S-003,水色,sweethoney,https://prichan.jp/resources/images/items/logo-sweethoney.png,love,https://prichan.jp/resources/images/items/icon-love.png,R,550,P-07,https://prichan.jp/resources/images/items/outfits/P-07.png,ちゃお 2018年6月号,https://prichan.jp/items/details/28008.html,プロモーション,https://prichan.jp/items/promotion.html
ストロベリーガール ミルキーシューズ,https://prichan.jp/resources/images/items/details/28007.jpg,シューズ,28007,P-S-002,水色,sweethoney,https://prichan.jp/resources/images/items/logo-sweethoney.png,love,https://prichan.jp/resources/images/items/icon-love.png,R,550,P-07,https://prichan.jp/resources/images/items/outfits/P-07.png,ちゃお 2018年6月号,https://prichan.jp/items/details/28007.html,プロモーション,https://prichan.jp/items/promotion.html
ストロベリーガール ミルキーワンピ,https://prichan.jp/resources/images/items/details/28006.jpg,ワンピース,28006,P-S-001,水色,sweethoney,https://prichan.jp/resources/images/items/logo-sweethoney.png,love,https://prichan.jp/resources/images/items/icon-love.png,R,1000,P-07,https://prichan.jp/resources/images/items/outfits/P-07.png,ちゃお 2018年6月号,https://prichan.jp/items/details/28006.html,プロモーション,https://prichan.jp/items/promotion.html
チアリーダー ピンクヘアアクセ,https://prichan.jp/resources/images/items/details/27976.jpg,ヘアアクセ,27976,P-S-013,ピンク,girlsyell,https://prichan.jp/resources/images/items/logo-girlsyell.png,pop,https://prichan.jp/resources/images/items/icon-pop.png,SR,700,P-06,https://prichan.jp/resources/images/items/outfits/P-06.png,2018年4月発売 キラッとプリチ☆ャン公式ファンブックSEASON1,https://prichan.jp/items/details/27976.html,プロモーション,https://prichan.jp/items/promotion.html
チアリーダー ピンクシューズ,https://prichan.jp/resources/images/items/details/27975.jpg,シューズ,27975,P-S-012,ピンク,girlsyell,https://prichan.jp/resources/images/items/logo-girlsyell.png,pop,https://prichan.jp/resources/images/items/icon-pop.png,SR,700,P-06,https://prichan.jp/resources/images/items/outfits/P-06.png,2018年4月発売 キラッとプリチ☆ャン公式ファンブックSEASON1,https://prichan.jp/items/details/27975.html,プロモーション,https://prichan.jp/items/promotion.html
チアリーダー ピンクスカート,https://prichan.jp/resources/images/items/details/27974.jpg,ボトムス,27974,P-S-011,ピンク,girlsyell,https://prichan.jp/resources/images/items/logo-girlsyell.png,pop,https://prichan.jp/resources/images/items/icon-pop.png,SR,750,P-06,https://prichan.jp/resources/images/items/outfits/P-06.png,2018年4月発売 キラッとプリチ☆ャン公式ファンブックSEASON1,https://prichan.jp/items/details/27974.html,プロモーション,https://prichan.jp/items/promotion.html
グレンチェック ビスチェ,https://prichan.jp/resources/images/items/details/70037.jpg,トップス,70037,PCH1-43,茶,sweethoney,https://prichan.jp/resources/images/items/logo-sweethoney.png,love,https://prichan.jp/resources/images/items/icon-love.png,R,550,1-13,https://prichan.jp/resources/images/items/outfits/1-13.png,,https://prichan.jp/items/details/70037.html,第1弾,https://prichan.jp/items/index.html
ポップスター ブルースニーカー,https://prichan.jp/resources/images/items/details/70042.jpg,シューズ,70042,PCH1-42,白,girlsyell,https://prichan.jp/resources/images/items/logo-girlsyell.png,pop,https://prichan.jp/resources/images/items/icon-pop.png,R,500,1-12,https://prichan.jp/resources/images/items/outfits/1-12.png,,https://prichan.jp/items/details/70042.html,第1弾,https://prichan.jp/items/index.html
ポップスター イエローキャップスカート,https://prichan.jp/resources/images/items/details/70041.jpg,ボトムス,70041,PCH1-41,黒,girlsyell,https://prichan.jp/resources/images/items/logo-girlsyell.png,pop,https://prichan.jp/resources/images/items/icon-pop.png,R,550,1-12,https://prichan.jp/resources/images/items/outfits/1-12.png,,https://prichan.jp/items/details/70041.html,第1弾,https://prichan.jp/items/index.html
ポップスター ブルーTシャツ,https://prichan.jp/resources/images/items/details/70040.jpg,トップス,70040,PCH1-40,青,girlsyell,https://prichan.jp/resources/images/items/logo-girlsyell.png,pop,https://prichan.jp/resources/images/items/icon-pop.png,R,450,1-12,https://prichan.jp/resources/images/items/outfits/1-12.png,,https://prichan.jp/items/details/70040.html,第1弾,https://prichan.jp/items/index.html
スプリングリボン パンプス,https://prichan.jp/resources/images/items/details/70036.jpg,シューズ,70036,PCH1-39,水色,sweethoney,https://prichan.jp/resources/images/items/logo-sweethoney.png,love,https://prichan.jp/resources/images/items/icon-love.png,R,450,1-11,https://prichan.jp/resources/images/items/outfits/1-11.png,,https://prichan.jp/items/details/70036.html,第1弾,https://prichan.jp/items/index.html
プリ☆チャンユニフォーム ピンクスカート,https://prichan.jp/resources/images/items/details/27984.jpg,ボトムス,27984,P-002,ピンク,,,love,https://prichan.jp/resources/images/items/icon-love.png,R,500,P-05,https://prichan.jp/resources/images/items/outfits/P-05.png,2018年4月 キラッとプリ☆チャン デビューやってみた!キャンペーン!,https://prichan.jp/items/details/27984.html,プロモーション,https://prichan.jp/items/promotion.html
プリ☆チャンユニフォーム ピンクトップス,https://prichan.jp/resources/images/items/details/27983.jpg,トップス,27983,P-001,ピンク,,,love,https://prichan.jp/resources/images/items/icon-love.png,R,550,P-05,https://prichan.jp/resources/images/items/outfits/P-05.png,2018年4月 キラッとプリ☆チャン デビューやってみた!キャンペーン!,https://prichan.jp/items/details/27983.html,プロモーション,https://prichan.jp/items/promotion.html
フラワーショップ バーベナヘアアクセ,https://prichan.jp/resources/images/items/details/28035.jpg,ヘアアクセ,28035,P-011,紫,sweethoney,https://prichan.jp/resources/images/items/logo-sweethoney.png,love,https://prichan.jp/resources/images/items/icon-love.png,SR,700,P-04,https://prichan.jp/resources/images/items/outfits/P-04.png,2018年5月 劇場版プリパラ&キラッとプリ☆チャン きらきらメモリアルライブ,https://prichan.jp/items/details/28035.html,プロモーション,https://prichan.jp/items/promotion.html
フラワーショップ バーベナシューズ,https://prichan.jp/resources/images/items/details/28034.jpg,シューズ,28034,P-010,紫,sweethoney,https://prichan.jp/resources/images/items/logo-sweethoney.png,love,https://prichan.jp/resources/images/items/icon-love.png,SR,750,P-04,https://prichan.jp/resources/images/items/outfits/P-04.png,2018年5月 劇場版プリパラ&キラッとプリ☆チャン きらきらメモリアルライブ,https://prichan.jp/items/details/28034.html,プロモーション,https://prichan.jp/items/promotion.html
フラワーショップ バーベナスカート,https://prichan.jp/resources/images/items/details/28033.jpg,ボトムス,28033,P-009,紫,sweethoney,https://prichan.jp/resources/images/items/logo-sweethoney.png,love,https://prichan.jp/resources/images/items/icon-love.png,SR,700,P-04,https://prichan.jp/resources/images/items/outfits/P-04.png,2018年5月 劇場版プリパラ&キラッとプリ☆チャン きらきらメモリアルライブ,https://prichan.jp/items/details/28033.html,プロモーション,https://prichan.jp/items/promotion.html
スプリングリボン ワンピ,https://prichan.jp/resources/images/items/details/70035.jpg,ワンピース,70035,PCH1-38,黄,sweethoney,https://prichan.jp/resources/images/items/logo-sweethoney.png,love,https://prichan.jp/resources/images/items/icon-love.png,R,900,1-11,https://prichan.jp/resources/images/items/outfits/1-11.png,,https://prichan.jp/items/details/70035.html,第1弾,https://prichan.jp/items/index.html
プリ☆チャンユニフォーム イエローヘアアクセ,https://prichan.jp/resources/images/items/details/70034.jpg,ヘアアクセ,70034,PCH1-37,黄,prismstone,https://prichan.jp/resources/images/items/logo-prismstone.png,pop,https://prichan.jp/resources/images/items/icon-pop.png,R,450,1-10,https://prichan.jp/resources/images/items/outfits/1-10.png,,https://prichan.jp/items/details/70034.html,第1弾,https://prichan.jp/items/index.html
プリ☆チャンユニフォーム イエローシューズ,https://prichan.jp/resources/images/items/details/70033.jpg,シューズ,70033,PCH1-36,黄,prismstone,https://prichan.jp/resources/images/items/logo-prismstone.png,pop,https://prichan.jp/resources/images/items/icon-pop.png,R,450,1-10,https://prichan.jp/resources/images/items/outfits/1-10.png,,https://prichan.jp/items/details/70033.html,第1弾,https://prichan.jp/items/index.html
プリ☆チャンユニフォーム イエロースカート,https://prichan.jp/resources/images/items/details/70032.jpg,ボトムス,70032,PCH1-35,黄,prismstone,https://prichan.jp/resources/images/items/logo-prismstone.png,pop,https://prichan.jp/resources/images/items/icon-pop.png,R,500,1-10,https://prichan.jp/resources/images/items/outfits/1-10.png,,https://prichan.jp/items/details/70032.html,第1弾,https://prichan.jp/items/index.html
プリ☆チャンユニフォーム イエロートップス,https://prichan.jp/resources/images/items/details/70031.jpg,トップス,70031,PCH1-34,黄,prismstone,https://prichan.jp/resources/images/items/logo-prismstone.png,pop,https://prichan.jp/resources/images/items/icon-pop.png,R,550,1-10,https://prichan.jp/resources/images/items/outfits/1-10.png,,https://prichan.jp/items/details/70031.html,第1弾,https://prichan.jp/items/index.html
プリ☆チャンユニフォーム ピンクヘアアクセ,https://prichan.jp/resources/images/items/details/70030.jpg,ヘアアクセ,70030,PCH1-33,ピンク,prismstone,https://prichan.jp/resources/images/items/logo-prismstone.png,love,https://prichan.jp/resources/images/items/icon-love.png,R,450,1-09,https://prichan.jp/resources/images/items/outfits/1-09.png,,https://prichan.jp/items/details/70030.html,第1弾,https://prichan.jp/items/index.html
プリ☆チャンユニフォーム ピンクシューズ,https://prichan.jp/resources/images/items/details/70029.jpg,シューズ,70029,PCH1-32,ピンク,prismstone,https://prichan.jp/resources/images/items/logo-prismstone.png,love,https://prichan.jp/resources/images/items/icon-love.png,R,450,1-09,https://prichan.jp/resources/images/items/outfits/1-09.png,,https://prichan.jp/items/details/70029.html,第1弾,https://prichan.jp/items/index.html
プリ☆チャンユニフォーム ピンクスカート,https://prichan.jp/resources/images/items/details/70028.jpg,ボトムス,70028,PCH1-31,ピンク,prismstone,https://prichan.jp/resources/images/items/logo-prismstone.png,love,https://prichan.jp/resources/images/items/icon-love.png,R,500,1-09,https://prichan.jp/resources/images/items/outfits/1-09.png,,https://prichan.jp/items/details/70028.html,第1弾,https://prichan.jp/items/index.html
スプリングリボン ブルーワンピ,https://prichan.jp/resources/images/items/details/27968.jpg,ワンピース,27968,AM-010,水色,sweethoney,https://prichan.jp/resources/images/items/logo-sweethoney.png,love,https://prichan.jp/resources/images/items/icon-love.png,R,1000,P-03,https://prichan.jp/resources/images/items/outfits/P-03.png,ファイル,https://prichan.jp/items/details/27968.html,プロモーション,https://prichan.jp/items/promotion.html
ポップスター ヘアアクセ,https://prichan.jp/resources/images/items/details/28005.jpg,ヘアアクセ,28005,AM-009,赤,girlsyell,https://prichan.jp/resources/images/items/logo-girlsyell.png,pop,https://prichan.jp/resources/images/items/icon-pop.png,R,550,P-02,https://prichan.jp/resources/images/items/outfits/P-02.png,,https://prichan.jp/items/details/28005.html,プロモーション,https://prichan.jp/items/promotion.html
ポップスター レッドスニーカー,https://prichan.jp/resources/images/items/details/28004.jpg,シューズ,28004,AM-008,シルバー,girlsyell,https://prichan.jp/resources/images/items/logo-girlsyell.png,pop,https://prichan.jp/resources/images/items/icon-pop.png,R,600,P-02,https://prichan.jp/resources/images/items/outfits/P-02.png,,https://prichan.jp/items/details/28004.html,プロモーション,https://prichan.jp/items/promotion.html
ポップスター グリーンキャップスカート,https://prichan.jp/resources/images/items/details/28003.jpg,ボトムス,28003,AM-007,黒,girlsyell,https://prichan.jp/resources/images/items/logo-girlsyell.png,pop,https://prichan.jp/resources/images/items/icon-pop.png,R,650,P-02,https://prichan.jp/resources/images/items/outfits/P-02.png,,https://prichan.jp/items/details/28003.html,プロモーション,https://prichan.jp/items/promotion.html
ポップコーンショップ グリーンヘアアクセ,https://prichan.jp/resources/images/items/details/28015.jpg,ヘアアクセ,28015,GY-07,緑,girlsyell,https://prichan.jp/resources/images/items/logo-girlsyell.png,pop,https://prichan.jp/resources/images/items/icon-pop.png,SR,600,G-02,https://prichan.jp/resources/images/items/outfits/G-02.png,,https://prichan.jp/items/details/28015.html,ブランド限定,https://prichan.jp/items/brand.html
ポップコーンショップ グリーンシューズ,https://prichan.jp/resources/images/items/details/28014.jpg,シューズ,28014,GY-06,緑,girlsyell,https://prichan.jp/resources/images/items/logo-girlsyell.png,pop,https://prichan.jp/resources/images/items/icon-pop.png,SR,700,G-02,https://prichan.jp/resources/images/items/outfits/G-02.png,,https://prichan.jp/items/details/28014.html,ブランド限定,https://prichan.jp/items/brand.html
ポップコーンショップ グリーンパンツ,https://prichan.jp/resources/images/items/details/28013.jpg,ボトムス,28013,GY-05,緑,girlsyell,https://prichan.jp/resources/images/items/logo-girlsyell.png,pop,https://prichan.jp/resources/images/items/icon-pop.png,SR,600,G-02,https://prichan.jp/resources/images/items/outfits/G-02.png,,https://prichan.jp/items/details/28013.html,ブランド限定,https://prichan.jp/items/brand.html
ポップコーンショップ グリーントップス,https://prichan.jp/resources/images/items/details/28012.jpg,トップス,28012,GY-04,緑,girlsyell,https://prichan.jp/resources/images/items/logo-girlsyell.png,pop,https://prichan.jp/resources/images/items/icon-pop.png,SR,650,G-02,https://prichan.jp/resources/images/items/outfits/G-02.png,,https://prichan.jp/items/details/28012.html,ブランド限定,https://prichan.jp/items/brand.html
バルーンブルーデニム ヘアアクセ,https://prichan.jp/resources/images/items/details/70071.jpg,ヘアアクセ,70071,GY-03,ピンク,girlsyell,https://prichan.jp/resources/images/items/logo-girlsyell.png,pop,https://prichan.jp/resources/images/items/icon-pop.png,SR,600,G-01,https://prichan.jp/resources/images/items/outfits/G-01.png,Girl's Yell,https://prichan.jp/items/details/70071.html,ブランド限定,https://prichan.jp/items/brand.html
バルーンブルーデニム シューズ,https://prichan.jp/resources/images/items/details/70070.jpg,シューズ,70070,GY-02,ピンク,girlsyell,https://prichan.jp/resources/images/items/logo-girlsyell.png,pop,https://prichan.jp/resources/images/items/icon-pop.png,SR,600,G-01,https://prichan.jp/resources/images/items/outfits/G-01.png,Girl's Yell,https://prichan.jp/items/details/70070.html,ブランド限定,https://prichan.jp/items/brand.html
ストロベリーガール ピンクヘアアクセ,https://prichan.jp/resources/images/items/details/70077.jpg,ヘアアクセ,70077,PCH1-73,ピンク,sweethoney,https://prichan.jp/resources/images/items/logo-sweethoney.png,love,https://prichan.jp/resources/images/items/icon-love.png,SR,600,1-21,https://prichan.jp/resources/images/items/outfits/1-21.png,,https://prichan.jp/items/details/70077.html,期間限定,https://prichan.jp/items/limited.html
ストロベリーガール ピンクシューズ,https://prichan.jp/resources/images/items/details/70076.jpg,シューズ,70076,PCH1-72,ピンク,sweethoney,https://prichan.jp/resources/images/items/logo-sweethoney.png,love,https://prichan.jp/resources/images/items/icon-love.png,SR,600,1-21,https://prichan.jp/resources/images/items/outfits/1-21.png,,https://prichan.jp/items/details/70076.html,期間限定,https://prichan.jp/items/limited.html
プリ☆チャンユニフォーム ピンクトップス,https://prichan.jp/resources/images/items/details/70027.jpg,トップス,70027,PCH1-30,ピンク,prismstone,https://prichan.jp/resources/images/items/logo-prismstone.png,love,https://prichan.jp/resources/images/items/icon-love.png,R,550,1-09,https://prichan.jp/resources/images/items/outfits/1-09.png,,https://prichan.jp/items/details/70027.html,第1弾,https://prichan.jp/items/index.html
バルーンホワイトデニム ヘアアクセ,https://prichan.jp/resources/images/items/details/27979.jpg,ヘアアクセ,27979,PCH1-29,赤,girlsyell,https://prichan.jp/resources/images/items/logo-girlsyell.png,pop,https://prichan.jp/resources/images/items/icon-pop.png,SR,600,1-08,https://prichan.jp/resources/images/items/outfits/1-08.png,,https://prichan.jp/items/details/27979.html,第1弾,https://prichan.jp/items/index.html
バルーンホワイトデニム シューズ,https://prichan.jp/resources/images/items/details/27978.jpg,シューズ,27978,PCH1-28,赤,girlsyell,https://prichan.jp/resources/images/items/logo-girlsyell.png,pop,https://prichan.jp/resources/images/items/icon-pop.png,SR,600,1-08,https://prichan.jp/resources/images/items/outfits/1-08.png,,https://prichan.jp/items/details/27978.html,第1弾,https://prichan.jp/items/index.html
バルーンホワイトデニム サロペット,https://prichan.jp/resources/images/items/details/27977.jpg,ワンピース,27977,PCH1-27,白,girlsyell,https://prichan.jp/resources/images/items/logo-girlsyell.png,pop,https://prichan.jp/resources/images/items/icon-pop.png,SR,1200,1-08,https://prichan.jp/resources/images/items/outfits/1-08.png,,https://prichan.jp/items/details/27977.html,第1弾,https://prichan.jp/items/index.html
ポップコーンショップ レッドヘアアクセ,https://prichan.jp/resources/images/items/details/70026.jpg,ヘアアクセ,70026,PCH1-26,赤,girlsyell,https://prichan.jp/resources/images/items/logo-girlsyell.png,pop,https://prichan.jp/resources/images/items/icon-pop.png,SR,600,1-07,https://prichan.jp/resources/images/items/outfits/1-07.png,,https://prichan.jp/items/details/70026.html,第1弾,https://prichan.jp/items/index.html
ポップコーンショップ レッドシューズ,https://prichan.jp/resources/images/items/details/70025.jpg,シューズ,70025,PCH1-25,赤,girlsyell,https://prichan.jp/resources/images/items/logo-girlsyell.png,pop,https://prichan.jp/resources/images/items/icon-pop.png,SR,600,1-07,https://prichan.jp/resources/images/items/outfits/1-07.png,,https://prichan.jp/items/details/70025.html,第1弾,https://prichan.jp/items/index.html
ポップコーンショップ レッドパンツ,https://prichan.jp/resources/images/items/details/70024.jpg,ボトムス,70024,PCH1-24,赤,girlsyell,https://prichan.jp/resources/images/items/logo-girlsyell.png,pop,https://prichan.jp/resources/images/items/icon-pop.png,SR,700,1-07,https://prichan.jp/resources/images/items/outfits/1-07.png,,https://prichan.jp/items/details/70024.html,第1弾,https://prichan.jp/items/index.html
フラワープリンセス スカート,https://prichan.jp/resources/images/items/details/27999.jpg,ボトムス,27999,AM-002,ピンク,sweethoney,https://prichan.jp/resources/images/items/logo-sweethoney.png,love,https://prichan.jp/resources/images/items/icon-love.png,SR,700,P-01,https://prichan.jp/resources/images/items/outfits/P-01.png,2018年4月発売 みらい&えも プリチケセット,https://prichan.jp/items/details/27999.html,プロモーション,https://prichan.jp/items/promotion.html
フラワープリンセス トップス,https://prichan.jp/resources/images/items/details/27998.jpg,トップス,27998,AM-001,ピンク,sweethoney,https://prichan.jp/resources/images/items/logo-sweethoney.png,love,https://prichan.jp/resources/images/items/icon-love.png,SR,800,P-01,https://prichan.jp/resources/images/items/outfits/P-01.png,2018年4月発売 みらい&えも プリチケセット,https://prichan.jp/items/details/27998.html,プロモーション,https://prichan.jp/items/promotion.html
バルーンブルーデニム サロペット,https://prichan.jp/resources/images/items/details/70069.jpg,ワンピース,70069,GY-01,青,girlsyell,https://prichan.jp/resources/images/items/logo-girlsyell.png,pop,https://prichan.jp/resources/images/items/icon-pop.png,SR,1200,G-01,https://prichan.jp/resources/images/items/outfits/G-01.png,Girl's Yell,https://prichan.jp/items/details/70069.html,ブランド限定,https://prichan.jp/items/brand.html
アイスクリーム グレープヘアアクセ,https://prichan.jp/resources/images/items/details/27982.jpg,ヘアアクセ,27982,SH-07,紫,sweethoney,https://prichan.jp/resources/images/items/logo-sweethoney.png,love,https://prichan.jp/resources/images/items/icon-love.png,SR,600,S-02,https://prichan.jp/resources/images/items/outfits/S-02.png,,https://prichan.jp/items/details/27982.html,ブランド限定,https://prichan.jp/items/brand.html
アイスクリーム グレープシューズ,https://prichan.jp/resources/images/items/details/27981.jpg,シューズ,27981,SH-06,紫,sweethoney,https://prichan.jp/resources/images/items/logo-sweethoney.png,love,https://prichan.jp/resources/images/items/icon-love.png,SR,600,S-02,https://prichan.jp/resources/images/items/outfits/S-02.png,,https://prichan.jp/items/details/27981.html,ブランド限定,https://prichan.jp/items/brand.html
アイスクリーム グレープワンピ,https://prichan.jp/resources/images/items/details/27980.jpg,ワンピース,27980,SH-05,紫,sweethoney,https://prichan.jp/resources/images/items/logo-sweethoney.png,love,https://prichan.jp/resources/images/items/icon-love.png,SR,1200,S-02,https://prichan.jp/resources/images/items/outfits/S-02.png,,https://prichan.jp/items/details/27980.html,ブランド限定,https://prichan.jp/items/brand.html
ギンガムハート サンレッドヘアアクセ,https://prichan.jp/resources/images/items/details/70022.jpg,ヘアアクセ,70022,SH-04,赤,sweethoney,https://prichan.jp/resources/images/items/logo-sweethoney.png,love,https://prichan.jp/resources/images/items/icon-love.png,SR,600,S-01,https://prichan.jp/resources/images/items/outfits/S-01.png,Sweet Honey,https://prichan.jp/items/details/70022.html,ブランド限定,https://prichan.jp/items/brand.html
ギンガムハート サンレッドシューズ,https://prichan.jp/resources/images/items/details/70021.jpg,シューズ,70021,SH-03,赤,sweethoney,https://prichan.jp/resources/images/items/logo-sweethoney.png,love,https://prichan.jp/resources/images/items/icon-love.png,SR,650,S-01,https://prichan.jp/resources/images/items/outfits/S-01.png,Sweet Honey,https://prichan.jp/items/details/70021.html,ブランド限定,https://prichan.jp/items/brand.html
ギンガムハート サンレッドスカート,https://prichan.jp/resources/images/items/details/70020.jpg,ボトムス,70020,SH-02,赤,sweethoney,https://prichan.jp/resources/images/items/logo-sweethoney.png,love,https://prichan.jp/resources/images/items/icon-love.png,SR,600,S-01,https://prichan.jp/resources/images/items/outfits/S-01.png,Sweet Honey,https://prichan.jp/items/details/70020.html,ブランド限定,https://prichan.jp/items/brand.html
ギンガムハート サンレッドトップス,https://prichan.jp/resources/images/items/details/70019.jpg,トップス,70019,SH-01,赤,sweethoney,https://prichan.jp/resources/images/items/logo-sweethoney.png,love,https://prichan.jp/resources/images/items/icon-love.png,SR,700,S-01,https://prichan.jp/resources/images/items/outfits/S-01.png,Sweet Honey,https://prichan.jp/items/details/70019.html,ブランド限定,https://prichan.jp/items/brand.html
ストロベリーガール ピンクワンピ,https://prichan.jp/resources/images/items/details/70075.jpg,ワンピース,70075,PCH1-71,ピンク,sweethoney,https://prichan.jp/resources/images/items/logo-sweethoney.png,love,https://prichan.jp/resources/images/items/icon-love.png,SR,1200,1-21,https://prichan.jp/resources/images/items/outfits/1-21.png,,https://prichan.jp/items/details/70075.html,期間限定,https://prichan.jp/items/limited.html
ポップコーンショップ レッドトップス,https://prichan.jp/resources/images/items/details/70023.jpg,トップス,70023,PCH1-23,赤,girlsyell,https://prichan.jp/resources/images/items/logo-girlsyell.png,pop,https://prichan.jp/resources/images/items/icon-pop.png,SR,650,1-07,https://prichan.jp/resources/images/items/outfits/1-07.png,,https://prichan.jp/items/details/70023.html,第1弾,https://prichan.jp/items/index.html
アイスクリーム ミントヘアアクセ,https://prichan.jp/resources/images/items/details/70065.jpg,ヘアアクセ,70065,PCH1-22,緑,sweethoney,https://prichan.jp/resources/images/items/logo-sweethoney.png,love,https://prichan.jp/resources/images/items/icon-love.png,SR,600,1-06,https://prichan.jp/resources/images/items/outfits/1-06.png,,https://prichan.jp/items/details/70065.html,第1弾,https://prichan.jp/items/index.html
アイスクリーム ミントシューズ,https://prichan.jp/resources/images/items/details/70064.jpg,シューズ,70064,PCH1-21,緑,sweethoney,https://prichan.jp/resources/images/items/logo-sweethoney.png,love,https://prichan.jp/resources/images/items/icon-love.png,SR,600,1-06,https://prichan.jp/resources/images/items/outfits/1-06.png,,https://prichan.jp/items/details/70064.html,第1弾,https://prichan.jp/items/index.html
アイスクリーム ミントワンピ,https://prichan.jp/resources/images/items/details/70063.jpg,ワンピース,70063,PCH1-20,緑,sweethoney,https://prichan.jp/resources/images/items/logo-sweethoney.png,love,https://prichan.jp/resources/images/items/icon-love.png,SR,1200,1-06,https://prichan.jp/resources/images/items/outfits/1-06.png,,https://prichan.jp/items/details/70063.html,第1弾,https://prichan.jp/items/index.html
ギンガムハート スカイブルーヘアアクセ,https://prichan.jp/resources/images/items/details/70018.jpg,ヘアアクセ,70018,PCH1-19,水色,sweethoney,https://prichan.jp/resources/images/items/logo-sweethoney.png,love,https://prichan.jp/resources/images/items/icon-love.png,SR,600,1-05,https://prichan.jp/resources/images/items/outfits/1-05.png,,https://prichan.jp/items/details/70018.html,第1弾,https://prichan.jp/items/index.html
ギンガムハート スカイブルーシューズ,https://prichan.jp/resources/images/items/details/70017.jpg,シューズ,70017,PCH1-18,水色,sweethoney,https://prichan.jp/resources/images/items/logo-sweethoney.png,love,https://prichan.jp/resources/images/items/icon-love.png,SR,600,1-05,https://prichan.jp/resources/images/items/outfits/1-05.png,,https://prichan.jp/items/details/70017.html,第1弾,https://prichan.jp/items/index.html
ギンガムハート スカイブルースカート,https://prichan.jp/resources/images/items/details/70016.jpg,ボトムス,70016,PCH1-17,水色,sweethoney,https://prichan.jp/resources/images/items/logo-sweethoney.png,love,https://prichan.jp/resources/images/items/icon-love.png,SR,650,1-05,https://prichan.jp/resources/images/items/outfits/1-05.png,,https://prichan.jp/items/details/70016.html,第1弾,https://prichan.jp/items/index.html
